batch_size,avg_ms,ms_per_sample,samples_per_second
1,9.805308212526143,9.805308212526143,101.98557539706034
16,9.721458400599658,0.6075911500374787,1645.8435906091063
64,10.07195838028565,0.1573743496919633,6354.275661550629
256,11.7734249914065,0.04598994137268164,21743.885079053554
1024,16.95041679777205,0.016553141404074267,60411.49384212156
