batch_size,avg_ms,ms_per_sample,samples_per_second
1,9.523424808867276,9.523424808867276,105.00424165358017
16,9.502666385378689,0.593916649086168,1683.737947974103
64,9.679150010924786,0.1512367189206998,6612.150852891386
256,11.31741680437699,0.044208659392097616,22620.00281733836
1024,15.81399159040302,0.01544335116250295,64752.785161554726
