model,rows,normal_rows,anomaly_rows,predicted_anomalies,roc_auc,pr_auc,inference_ms_per_sample_batch_1,inference_samples_per_second_batch_1024
Firewall,35420,7528,27892,30566,0.9685510201181329,0.9787023623681481,5.132183409295976,123857.48413279338
SSH,2569,1045,1524,1633,0.9931463411571161,0.9945530466565684,9.805308212526143,60411.49384212156
Web,182278,181336,942,9114,0.9855242153145556,0.143187498158756,9.523424808867276,64752.785161554726
