{
  "normal_test_rows": 7528,
  "anomaly_rows": 27892,
  "roc_auc": 0.9685510201181329,
  "classification_report": {
    "Anomaly": {
      "precision": 0.9124844598573578,
      "recall": 0.9999641474257852,
      "f1-score": 0.9542235451093093,
      "support": 27892.0
    },
    "Normal": {
      "precision": 0.9997939843428101,
      "recall": 0.6446599362380446,
      "f1-score": 0.7838798255532224,
      "support": 7528.0
    },
    "accuracy": 0.9244494635798983,
    "macro avg": {
      "precision": 0.956139222100084,
      "recall": 0.822312041831915,
      "f1-score": 0.8690516853312659,
      "support": 35420.0
    },
    "weighted avg": {
      "precision": 0.931040815033148,
      "recall": 0.9244494635798983,
      "f1-score": 0.9180194931381568,
      "support": 35420.0
    }
  }
}