batch_size,avg_ms,ms_per_sample,samples_per_second
1,5.132183409295976,5.132183409295976,194.84884312370636
16,4.996991588268429,0.3123119742667768,3201.9265426749225
64,5.182483582757413,0.08097630598058458,12349.291411734275
256,5.808816407807171,0.022690689092996763,44070.9401068229
1024,8.267566608265042,0.00807379551588383,123857.48413279338
